Area,Genero,Cantidad_Empleados,Salario_Promedio
Combustibles-Produccion,Femenino,158,6848.94
Combustibles-Produccion,Masculino,1722,8178.64
Combustibles-Produccion,Desconocido,12,8063.04
Litio-exploracion y financiacion,Femenino,7,3359.93
Litio-exploracion y financiacion,Masculino,55,3365.91
Litio-Produccion,Femenino,33,6342.41
Litio-Produccion,Masculino,233,6448.83
Litio-Produccion,Desconocido,4,4230.59
Metaliferos-exploracion y financiacion,Femenino,4,6972.98
Metaliferos-exploracion y financiacion,Masculino,22,5374.72
Metaliferos-Produccion,Femenino,674,4824.5
Metaliferos-Produccion,Masculino,7534,5495.68
Metaliferos-Produccion,Desconocido,42,5209.8
Minerales no clasificados previamente,Femenino,261,3402.59
Minerales no clasificados previamente,Masculino,2995,2860.46
Minerales no clasificados previamente,Desconocido,20,2904.99
No metaliferos,Femenino,226,2898.77
No metaliferos,Masculino,1906,2799.24
No metaliferos,Desconocido,19,2278.96
Rocas de aplicacion,Femenino,219,2295.27
Rocas de aplicacion,Masculino,3584,3051.74
Rocas de aplicacion,Desconocido,21,3209.21
Servicios mineros y actividades relacionadas,Femenino,159,4191.83
Servicios mineros y actividades relacionadas,Masculino,3645,4138.4
Servicios mineros y actividades relacionadas,Desconocido,18,3840.35
Combustibles-Produccion,Femenino,157,8560.19
Combustibles-Produccion,Masculino,1715,10232.13
Combustibles-Produccion,Desconocido,12,10118.16
Litio-exploracion y financiacion,Femenino,7,5740.18
Litio-exploracion y financiacion,Masculino,68,5271.95
Litio-Produccion,Femenino,38,6581.27
Litio-Produccion,Masculino,236,6813.49
Litio-Produccion,Desconocido,4,4820.26
Metaliferos-exploracion y financiacion,Femenino,4,8098.4
Metaliferos-exploracion y financiacion,Masculino,25,6110.2
Metaliferos-Produccion,Femenino,676,6281.89
Metaliferos-Produccion,Masculino,7726,7176.15
Metaliferos-Produccion,Desconocido,44,6953.57
Minerales no clasificados previamente,Femenino,263,4154.27
Minerales no clasificados previamente,Masculino,3109,3719.98
Minerales no clasificados previamente,Desconocido,20,3803.06
No metaliferos,Femenino,232,3856.95
No metaliferos,Masculino,1978,3782.93
No metaliferos,Desconocido,19,2999.49
Rocas de aplicacion,Femenino,223,2779.31
Rocas de aplicacion,Masculino,3525,4084.1
Rocas de aplicacion,Desconocido,20,3819.98
Servicios mineros y actividades relacionadas,Femenino,172,5114.11
Servicios mineros y actividades relacionadas,Masculino,3777,5027.47
Servicios mineros y actividades relacionadas,Desconocido,19,4552.46
Combustibles-Produccion,Femenino,156,9587.85
Combustibles-Produccion,Masculino,1710,10409.31
Combustibles-Produccion,Desconocido,12,10533.71
Litio-exploracion y financiacion,Femenino,8,5161.87
Litio-exploracion y financiacion,Masculino,75,4844.73
Litio-Produccion,Femenino,39,6411.41
Litio-Produccion,Masculino,242,6409.72
Litio-Produccion,Desconocido,3,5086.6
Metaliferos-exploracion y financiacion,Femenino,4,8106.15
Metaliferos-exploracion y financiacion,Masculino,29,5560.04
Metaliferos-Produccion,Femenino,685,5914.39
Metaliferos-Produccion,Masculino,7956,6615.49
Metaliferos-Produccion,Desconocido,49,6567.17
Minerales no clasificados previamente,Femenino,286,4033.71
Minerales no clasificados previamente,Masculino,3261,3723.98
Minerales no clasificados previamente,Desconocido,19,3625.12
No metaliferos,Femenino,205,3946.73
No metaliferos,Masculino,1854,3664.76
No metaliferos,Desconocido,17,2988.13
Rocas de aplicacion,Femenino,223,2766.72
Rocas de aplicacion,Masculino,3508,4142.37
Rocas de aplicacion,Desconocido,19,3880.19
Servicios mineros y actividades relacionadas,Femenino,180,4884.67
Servicios mineros y actividades relacionadas,Masculino,3905,4775.45
Servicios mineros y actividades relacionadas,Desconocido,22,4055.11
Combustibles-Produccion,Femenino,157,10258.12
Combustibles-Produccion,Masculino,1712,12214.27
Combustibles-Produccion,Desconocido,12,12399.49
Litio-exploracion y financiacion,Femenino,9,5829.89
Litio-exploracion y financiacion,Masculino,83,6105.73
Litio-Produccion,Femenino,44,7940.0
Litio-Produccion,Masculino,290,7838.17
Litio-Produccion,Desconocido,3,5841.4
Metaliferos-exploracion y financiacion,Femenino,4,8458.7
Metaliferos-exploracion y financiacion,Masculino,34,6354.67
Metaliferos-Produccion,Femenino,698,7188.36
Metaliferos-Produccion,Masculino,8225,8202.46
Metaliferos-Produccion,Desconocido,52,7921.79
Minerales no clasificados previamente,Femenino,312,5305.7
Minerales no clasificados previamente,Masculino,3453,4727.11
Minerales no clasificados previamente,Desconocido,20,4602.52
No metaliferos,Femenino,206,4838.82
No metaliferos,Masculino,1845,4648.74
No metaliferos,Desconocido,17,3560.63
Rocas de aplicacion,Femenino,223,3543.74
Rocas de aplicacion,Masculino,3549,5343.29
Rocas de aplicacion,Desconocido,20,5180.15
Servicios mineros y actividades relacionadas,Femenino,176,6255.07
Servicios mineros y actividades relacionadas,Masculino,3948,6103.21
Servicios mineros y actividades relacionadas,Desconocido,24,4866.82
Combustibles-Produccion,Femenino,157,9138.7
Combustibles-Produccion,Masculino,1713,10882.96
Combustibles-Produccion,Desconocido,12,10542.09
Litio-exploracion y financiacion,Femenino,8,5224.6
Litio-exploracion y financiacion,Masculino,82,5485.31
Litio-Produccion,Femenino,48,9677.74
Litio-Produccion,Masculino,302,10095.78
Litio-Produccion,Desconocido,4,5608.37
Metaliferos-exploracion y financiacion,Femenino,5,8228.75
Metaliferos-exploracion y financiacion,Masculino,37,5924.82
Metaliferos-exploracion y financiacion,Desconocido,1,4870.4
Metaliferos-Produccion,Femenino,735,7026.64
Metaliferos-Produccion,Masculino,8445,8019.49
Metaliferos-Produccion,Desconocido,55,7709.52
Minerales no clasificados previamente,Femenino,340,5468.12
Minerales no clasificados previamente,Masculino,3563,4535.11
Minerales no clasificados previamente,Desconocido,21,4038.02
No metaliferos,Femenino,236,4298.37
No metaliferos,Masculino,2027,4075.79
No metaliferos,Desconocido,19,3441.68
Rocas de aplicacion,Femenino,232,3251.02
Rocas de aplicacion,Masculino,3662,4823.34
Rocas de aplicacion,Desconocido,21,5135.54
Servicios mineros y actividades relacionadas,Femenino,173,6036.67
Servicios mineros y actividades relacionadas,Masculino,3930,5600.73
Servicios mineros y actividades relacionadas,Desconocido,23,4456.57
Combustibles-Produccion,Femenino,155,11642.01
Combustibles-Produccion,Masculino,1778,13557.95
Combustibles-Produccion,Desconocido,13,12268.62
Litio-exploracion y financiacion,Femenino,7,7711.22
Litio-exploracion y financiacion,Masculino,90,7474.13
Litio-Produccion,Femenino,49,10240.59
Litio-Produccion,Masculino,299,10282.95
Litio-Produccion,Desconocido,3,8092.91
Metaliferos-exploracion y financiacion,Femenino,9,7412.78
Metaliferos-exploracion y financiacion,Masculino,50,6278.17
Metaliferos-exploracion y financiacion,Desconocido,1,4722.37
Metaliferos-Produccion,Femenino,728,8914.85
Metaliferos-Produccion,Masculino,8596,9909.77
Metaliferos-Produccion,Desconocido,52,9056.74
Minerales no clasificados previamente,Femenino,356,6832.41
Minerales no clasificados previamente,Masculino,3626,5961.13
Minerales no clasificados previamente,Desconocido,20,5890.81
No metaliferos,Femenino,284,4789.04
No metaliferos,Masculino,2165,5008.79
No metaliferos,Desconocido,19,4208.32
Rocas de aplicacion,Femenino,247,3941.64
Rocas de aplicacion,Masculino,3677,6027.74
Rocas de aplicacion,Desconocido,19,7065.58
Servicios mineros y actividades relacionadas,Femenino,173,7419.16
Servicios mineros y actividades relacionadas,Masculino,3952,7069.78
Servicios mineros y actividades relacionadas,Desconocido,23,5986.55
Combustibles-Produccion,Femenino,155,12734.18
Combustibles-Produccion,Masculino,1834,13493.42
Combustibles-Produccion,Desconocido,13,13662.26
Litio-exploracion y financiacion,Femenino,7,6680.56
Litio-exploracion y financiacion,Masculino,100,6355.3
Litio-Produccion,Femenino,53,8741.99
Litio-Produccion,Masculino,313,8669.94
Litio-Produccion,Desconocido,4,6631.54
Metaliferos-exploracion y financiacion,Femenino,12,6139.14
Metaliferos-exploracion y financiacion,Masculino,60,5768.79
Metaliferos-exploracion y financiacion,Desconocido,2,4790.58
Metaliferos-Produccion,Femenino,747,8506.59
Metaliferos-Produccion,Masculino,8794,9353.83
Metaliferos-Produccion,Desconocido,50,8826.23
Minerales no clasificados previamente,Femenino,368,6219.26
Minerales no clasificados previamente,Masculino,3738,5442.53
Minerales no clasificados previamente,Desconocido,20,5485.37
No metaliferos,Femenino,222,5106.55
No metaliferos,Masculino,1956,4816.69
No metaliferos,Desconocido,16,4327.98
Rocas de aplicacion,Femenino,252,3837.78
Rocas de aplicacion,Masculino,3779,5714.56
Rocas de aplicacion,Desconocido,19,5955.28
Servicios mineros y actividades relacionadas,Femenino,180,6491.72
Servicios mineros y actividades relacionadas,Masculino,3996,6480.65
Servicios mineros y actividades relacionadas,Desconocido,21,5326.32
Combustibles-Produccion,Femenino,157,13672.76
Combustibles-Produccion,Masculino,1922,15268.9
Combustibles-Produccion,Desconocido,13,14858.07
Litio-exploracion y financiacion,Femenino,9,9815.07
Litio-exploracion y financiacion,Masculino,127,7696.87
Litio-Produccion,Femenino,53,10224.97
Litio-Produccion,Masculino,326,10832.28
Litio-Produccion,Desconocido,4,8315.24
Metaliferos-exploracion y financiacion,Femenino,13,7573.63
Metaliferos-exploracion y financiacion,Masculino,63,7494.52
Metaliferos-exploracion y financiacion,Desconocido,3,5198.11
Metaliferos-Produccion,Femenino,773,10390.15
Metaliferos-Produccion,Masculino,8945,11400.84
Metaliferos-Produccion,Desconocido,50,10829.04
Minerales no clasificados previamente,Femenino,385,7713.29
Minerales no clasificados previamente,Masculino,3775,6873.36
Minerales no clasificados previamente,Desconocido,23,6602.78
No metaliferos,Femenino,199,6548.32
No metaliferos,Masculino,1864,6313.12
No metaliferos,Desconocido,15,5080.56
Rocas de aplicacion,Femenino,263,4728.99
Rocas de aplicacion,Masculino,3875,7200.18
Rocas de aplicacion,Desconocido,23,7233.09
Servicios mineros y actividades relacionadas,Femenino,178,8350.23
Servicios mineros y actividades relacionadas,Masculino,4101,8492.4
Servicios mineros y actividades relacionadas,Desconocido,21,7273.49
Combustibles-Produccion,Femenino,160,12048.1
Combustibles-Produccion,Masculino,2073,13297.62
Combustibles-Produccion,Desconocido,16,11767.35
Litio-exploracion y financiacion,Femenino,11,7479.82
Litio-exploracion y financiacion,Masculino,135,6906.23
Litio-Produccion,Femenino,56,9642.83
Litio-Produccion,Masculino,344,10601.0
Litio-Produccion,Desconocido,5,8712.79
Metaliferos-exploracion y financiacion,Femenino,14,8693.09
Metaliferos-exploracion y financiacion,Masculino,60,8440.16
Metaliferos-exploracion y financiacion,Desconocido,1,3866.68
Metaliferos-Produccion,Femenino,818,9674.43
Metaliferos-Produccion,Masculino,9142,10674.18
Metaliferos-Produccion,Desconocido,53,9989.0
Minerales no clasificados previamente,Femenino,415,7719.55
Minerales no clasificados previamente,Masculino,3888,6544.03
Minerales no clasificados previamente,Desconocido,23,6196.6
No metaliferos,Femenino,206,6004.49
No metaliferos,Masculino,1916,5538.83
No metaliferos,Desconocido,15,4520.85
Rocas de aplicacion,Femenino,272,4317.13
Rocas de aplicacion,Masculino,3994,6386.99
Rocas de aplicacion,Desconocido,25,6129.08
Servicios mineros y actividades relacionadas,Femenino,163,8074.91
Servicios mineros y actividades relacionadas,Masculino,4091,7754.46
Servicios mineros y actividades relacionadas,Desconocido,22,6922.23
Combustibles-Produccion,Femenino,160,14910.06
Combustibles-Produccion,Masculino,2099,17435.34
Combustibles-Produccion,Desconocido,18,14909.47
Litio-exploracion y financiacion,Femenino,12,9784.32
Litio-exploracion y financiacion,Masculino,146,8689.65
Litio-Produccion,Femenino,53,11471.88
Litio-Produccion,Masculino,352,11808.32
Litio-Produccion,Desconocido,5,10512.07
Metaliferos-exploracion y financiacion,Femenino,17,9991.58
Metaliferos-exploracion y financiacion,Masculino,74,9170.81
Metaliferos-exploracion y financiacion,Desconocido,1,3704.98
Metaliferos-Produccion,Femenino,833,11878.18
Metaliferos-Produccion,Masculino,9228,13043.4
Metaliferos-Produccion,Desconocido,57,12195.69
Minerales no clasificados previamente,Femenino,431,9780.58
Minerales no clasificados previamente,Masculino,3990,8281.25
Minerales no clasificados previamente,Desconocido,25,8193.0
No metaliferos,Femenino,202,7488.31
No metaliferos,Masculino,1898,6779.84
No metaliferos,Desconocido,15,4974.56
Rocas de aplicacion,Femenino,278,5423.78
Rocas de aplicacion,Masculino,3973,7840.71
Rocas de aplicacion,Desconocido,26,7875.32
Servicios mineros y actividades relacionadas,Femenino,163,9892.98
Servicios mineros y actividades relacionadas,Masculino,3955,9350.39
Servicios mineros y actividades relacionadas,Desconocido,21,8326.35
Combustibles-Produccion,Femenino,160,13829.29
Combustibles-Produccion,Masculino,2086,16329.99
Combustibles-Produccion,Desconocido,18,14683.27
Litio-exploracion y financiacion,Femenino,16,8791.88
Litio-exploracion y financiacion,Masculino,165,8061.75
Litio-exploracion y financiacion,Desconocido,1,13366.1
Litio-Produccion,Femenino,52,10802.3
Litio-Produccion,Masculino,356,11508.57
Litio-Produccion,Desconocido,4,9404.19
Metaliferos-exploracion y financiacion,Femenino,19,9929.72
Metaliferos-exploracion y financiacion,Masculino,76,8630.77
Metaliferos-exploracion y financiacion,Desconocido,1,4247.86
Metaliferos-Produccion,Femenino,858,10970.08
Metaliferos-Produccion,Masculino,9426,11873.98
Metaliferos-Produccion,Desconocido,60,10889.12
Minerales no clasificados previamente,Femenino,435,8772.03
Minerales no clasificados previamente,Masculino,4091,7575.61
Minerales no clasificados previamente,Desconocido,27,7584.76
No metaliferos,Femenino,200,6695.28
No metaliferos,Masculino,1978,5949.39
No metaliferos,Desconocido,15,4762.27
Rocas de aplicacion,Femenino,289,4940.64
Rocas de aplicacion,Masculino,3931,7310.99
Rocas de aplicacion,Desconocido,27,7130.96
Servicios mineros y actividades relacionadas,Femenino,177,8497.68
Servicios mineros y actividades relacionadas,Masculino,3925,8451.07
Servicios mineros y actividades relacionadas,Desconocido,21,7430.78
Combustibles-Produccion,Femenino,160,19926.7
Combustibles-Produccion,Masculino,2109,21264.61
Combustibles-Produccion,Desconocido,17,18701.78
Litio-exploracion y financiacion,Femenino,19,10565.44
Litio-exploracion y financiacion,Masculino,180,9612.79
Litio-exploracion y financiacion,Desconocido,1,15593.78
Litio-Produccion,Femenino,52,12710.33
Litio-Produccion,Masculino,358,14687.05
Litio-Produccion,Desconocido,6,8181.19
Metaliferos-exploracion y financiacion,Femenino,19,10474.99
Metaliferos-exploracion y financiacion,Masculino,75,10121.08
Metaliferos-exploracion y financiacion,Desconocido,1,4953.11
Metaliferos-Produccion,Femenino,853,13438.49
Metaliferos-Produccion,Masculino,9590,14599.58
Metaliferos-Produccion,Desconocido,62,13412.77
Minerales no clasificados previamente,Femenino,455,10401.08
Minerales no clasificados previamente,Masculino,3979,9582.04
Minerales no clasificados previamente,Desconocido,27,9424.83
No metaliferos,Femenino,203,8342.46
No metaliferos,Masculino,1998,7639.99
No metaliferos,Desconocido,15,6215.89
Rocas de aplicacion,Femenino,293,6474.96
Rocas de aplicacion,Masculino,3921,9340.89
Rocas de aplicacion,Desconocido,31,9197.02
Servicios mineros y actividades relacionadas,Femenino,185,10302.63
Servicios mineros y actividades relacionadas,Masculino,3881,10884.16
Servicios mineros y actividades relacionadas,Desconocido,21,9446.17
Combustibles-Produccion,Femenino,161,15818.61
Combustibles-Produccion,Masculino,2210,17178.94
Combustibles-Produccion,Desconocido,18,15575.81
Litio-exploracion y financiacion,Femenino,19,10367.41
Litio-exploracion y financiacion,Masculino,178,11287.89
Litio-exploracion y financiacion,Desconocido,1,16875.3
Litio-Produccion,Femenino,59,11802.73
Litio-Produccion,Masculino,369,13914.94
Litio-Produccion,Desconocido,7,9236.26
Metaliferos-exploracion y financiacion,Femenino,14,10512.24
Metaliferos-exploracion y financiacion,Masculino,61,10859.16
Metaliferos-Produccion,Femenino,874,13179.58
Metaliferos-Produccion,Masculino,9744,14370.67
Metaliferos-Produccion,Desconocido,64,12850.01
Minerales no clasificados previamente,Femenino,447,10326.61
Minerales no clasificados previamente,Masculino,3923,8835.3
Minerales no clasificados previamente,Desconocido,30,7794.76
No metaliferos,Femenino,227,7250.18
No metaliferos,Masculino,2060,7044.69
No metaliferos,Desconocido,17,5837.9
Rocas de aplicacion,Femenino,289,6004.88
Rocas de aplicacion,Masculino,3972,8150.71
Rocas de aplicacion,Desconocido,29,8080.48
Servicios mineros y actividades relacionadas,Femenino,178,9597.9
Servicios mineros y actividades relacionadas,Masculino,3787,9999.43
Servicios mineros y actividades relacionadas,Desconocido,20,8546.37
Combustibles-Produccion,Femenino,163,19673.03
Combustibles-Produccion,Masculino,2496,20079.72
Combustibles-Produccion,Desconocido,21,18002.48
Litio-exploracion y financiacion,Femenino,20,12331.2
Litio-exploracion y financiacion,Masculino,189,14308.87
Litio-exploracion y financiacion,Desconocido,1,19286.17
Litio-Produccion,Femenino,62,13845.97
Litio-Produccion,Masculino,368,16345.89
Litio-Produccion,Desconocido,7,11884.64
Metaliferos-exploracion y financiacion,Femenino,14,12195.77
Metaliferos-exploracion y financiacion,Masculino,57,14324.73
Metaliferos-Produccion,Femenino,859,15681.16
Metaliferos-Produccion,Masculino,9911,17297.34
Metaliferos-Produccion,Desconocido,64,15941.53
Minerales no clasificados previamente,Femenino,409,11845.23
Minerales no clasificados previamente,Masculino,3880,10001.71
Minerales no clasificados previamente,Desconocido,32,9298.16
No metaliferos,Femenino,235,8718.31
No metaliferos,Masculino,2093,8805.05
No metaliferos,Desconocido,15,7323.09
Rocas de aplicacion,Femenino,288,7279.69
Rocas de aplicacion,Masculino,3927,9886.45
Rocas de aplicacion,Desconocido,27,8768.49
Servicios mineros y actividades relacionadas,Femenino,166,12044.97
Servicios mineros y actividades relacionadas,Masculino,3637,12557.74
Servicios mineros y actividades relacionadas,Desconocido,19,9709.14
Combustibles-Produccion,Femenino,164,18150.64
Combustibles-Produccion,Masculino,2790,18629.18
Combustibles-Produccion,Desconocido,25,16619.33
Litio-exploracion y financiacion,Femenino,20,10908.73
Litio-exploracion y financiacion,Masculino,188,13219.55
Litio-exploracion y financiacion,Desconocido,1,17057.13
Litio-Produccion,Femenino,60,13349.7
Litio-Produccion,Masculino,383,14832.34
Litio-Produccion,Desconocido,7,10925.94
Metaliferos-exploracion y financiacion,Femenino,10,10641.61
Metaliferos-exploracion y financiacion,Masculino,39,12342.58
Metaliferos-Produccion,Femenino,843,14012.29
Metaliferos-Produccion,Masculino,9878,15476.49
Metaliferos-Produccion,Desconocido,65,14554.15
Minerales no clasificados previamente,Femenino,380,9892.65
Minerales no clasificados previamente,Masculino,3755,9099.16
Minerales no clasificados previamente,Desconocido,30,8341.65
No metaliferos,Femenino,199,8615.17
No metaliferos,Masculino,2064,8005.57
No metaliferos,Desconocido,13,6417.64
Rocas de aplicacion,Femenino,290,6776.36
Rocas de aplicacion,Masculino,4025,9525.1
Rocas de aplicacion,Desconocido,26,8612.83
Servicios mineros y actividades relacionadas,Femenino,161,10733.93
Servicios mineros y actividades relacionadas,Masculino,3625,11491.83
Servicios mineros y actividades relacionadas,Desconocido,20,8729.35
Combustibles-Produccion,Femenino,163,22936.91
Combustibles-Produccion,Masculino,2827,24836.0
Combustibles-Produccion,Desconocido,25,23407.91
Litio-exploracion y financiacion,Femenino,20,13234.14
Litio-exploracion y financiacion,Masculino,183,16589.46
Litio-exploracion y financiacion,Desconocido,1,20731.6
Litio-Produccion,Femenino,61,14890.62
Litio-Produccion,Masculino,387,17928.35
Litio-Produccion,Desconocido,6,12323.99
Metaliferos-exploracion y financiacion,Femenino,8,13835.12
Metaliferos-exploracion y financiacion,Masculino,30,14521.81
Metaliferos-Produccion,Femenino,814,17170.14
Metaliferos-Produccion,Masculino,9879,19256.13
Metaliferos-Produccion,Desconocido,66,17897.99
Minerales no clasificados previamente,Femenino,381,11937.36
Minerales no clasificados previamente,Masculino,3752,11115.48
Minerales no clasificados previamente,Desconocido,30,9045.24
No metaliferos,Femenino,200,10507.81
No metaliferos,Masculino,2015,9981.69
No metaliferos,Desconocido,13,7499.39
Rocas de aplicacion,Femenino,300,8352.56
Rocas de aplicacion,Masculino,4203,11893.62
Rocas de aplicacion,Desconocido,30,10799.83
Servicios mineros y actividades relacionadas,Femenino,193,12609.31
Servicios mineros y actividades relacionadas,Masculino,4922,12609.56
Servicios mineros y actividades relacionadas,Desconocido,33,9258.44
Combustibles-Produccion,Femenino,163,22298.86
Combustibles-Produccion,Masculino,2813,23001.68
Combustibles-Produccion,Desconocido,25,21872.07
Litio-exploracion y financiacion,Femenino,20,11777.9
Litio-exploracion y financiacion,Masculino,173,16590.66
Litio-exploracion y financiacion,Desconocido,1,17095.9
Litio-Produccion,Femenino,65,15058.63
Litio-Produccion,Masculino,386,19102.36
Litio-Produccion,Desconocido,6,13524.01
Metaliferos-exploracion y financiacion,Femenino,8,13624.86
Metaliferos-exploracion y financiacion,Masculino,30,14133.34
Metaliferos-Produccion,Femenino,824,16884.32
Metaliferos-Produccion,Masculino,10151,18684.48
Metaliferos-Produccion,Desconocido,70,16703.66
Minerales no clasificados previamente,Femenino,358,11237.14
Minerales no clasificados previamente,Masculino,3646,9851.93
Minerales no clasificados previamente,Desconocido,27,7230.83
No metaliferos,Femenino,209,9240.9
No metaliferos,Masculino,2120,8462.29
No metaliferos,Desconocido,13,6791.37
Rocas de aplicacion,Femenino,312,7611.12
Rocas de aplicacion,Masculino,4313,10329.37
Rocas de aplicacion,Desconocido,31,8897.48
Servicios mineros y actividades relacionadas,Femenino,198,11816.02
Servicios mineros y actividades relacionadas,Masculino,4826,11359.82
Servicios mineros y actividades relacionadas,Desconocido,37,7917.37
Combustibles-Produccion,Femenino,162,25309.99
Combustibles-Produccion,Masculino,2801,28116.59
Combustibles-Produccion,Desconocido,25,26315.32
Litio-exploracion y financiacion,Femenino,18,21344.91
Litio-exploracion y financiacion,Masculino,164,22848.14
Litio-exploracion y financiacion,Desconocido,1,19945.2
Litio-Produccion,Femenino,67,18430.06
Litio-Produccion,Masculino,399,22091.17
Litio-Produccion,Desconocido,6,15942.56
Metaliferos-exploracion y financiacion,Femenino,8,16110.87
Metaliferos-exploracion y financiacion,Masculino,31,16468.26
Metaliferos-Produccion,Femenino,809,20451.37
Metaliferos-Produccion,Masculino,10462,22953.87
Metaliferos-Produccion,Desconocido,70,19989.84
Minerales no clasificados previamente,Femenino,343,13233.79
Minerales no clasificados previamente,Masculino,3658,12609.37
Minerales no clasificados previamente,Desconocido,26,10004.74
No metaliferos,Femenino,212,12251.01
No metaliferos,Masculino,2082,11095.66
No metaliferos,Desconocido,11,9270.79
Rocas de aplicacion,Femenino,306,9670.45
Rocas de aplicacion,Masculino,4176,13147.21
Rocas de aplicacion,Desconocido,25,11188.63
Servicios mineros y actividades relacionadas,Femenino,205,13416.93
Servicios mineros y actividades relacionadas,Masculino,4899,14096.96
Servicios mineros y actividades relacionadas,Desconocido,37,9977.75
Combustibles-Produccion,Femenino,163,25354.54
Combustibles-Produccion,Masculino,2804,27504.77
Combustibles-Produccion,Desconocido,25,26392.67
Litio-exploracion y financiacion,Femenino,17,13943.73
Litio-exploracion y financiacion,Masculino,157,21187.1
Litio-exploracion y financiacion,Desconocido,1,17095.9
Litio-Produccion,Femenino,71,17452.4
Litio-Produccion,Masculino,416,20526.08
Litio-Produccion,Desconocido,5,14950.24
Metaliferos-exploracion y financiacion,Femenino,8,14165.72
Metaliferos-exploracion y financiacion,Masculino,31,15850.12
Metaliferos-Produccion,Femenino,829,19245.54
Metaliferos-Produccion,Masculino,10726,22137.54
Metaliferos-Produccion,Desconocido,72,19798.16
Minerales no clasificados previamente,Femenino,338,12131.45
Minerales no clasificados previamente,Masculino,3706,11151.19
Minerales no clasificados previamente,Desconocido,25,9027.21
No metaliferos,Femenino,196,12425.66
No metaliferos,Masculino,2008,11077.41
No metaliferos,Desconocido,10,9337.72
Rocas de aplicacion,Femenino,320,9096.98
Rocas de aplicacion,Masculino,4218,12225.43
Rocas de aplicacion,Desconocido,26,10417.83
Servicios mineros y actividades relacionadas,Femenino,219,12018.0
Servicios mineros y actividades relacionadas,Masculino,5288,12977.18
Servicios mineros y actividades relacionadas,Desconocido,41,9839.95
Combustibles-Produccion,Femenino,163,40741.82
Combustibles-Produccion,Masculino,2789,50304.17
Combustibles-Produccion,Desconocido,26,43166.16
Litio-exploracion y financiacion,Femenino,18,20434.52
Litio-exploracion y financiacion,Masculino,152,27023.82
Litio-exploracion y financiacion,Desconocido,1,20743.03
Litio-Produccion,Femenino,77,19710.14
Litio-Produccion,Masculino,450,23144.28
Litio-Produccion,Desconocido,4,16132.37
Metaliferos-exploracion y financiacion,Femenino,8,18433.35
Metaliferos-exploracion y financiacion,Masculino,32,20931.11
Metaliferos-Produccion,Femenino,877,25582.41
Metaliferos-Produccion,Masculino,11031,29822.5
Metaliferos-Produccion,Desconocido,72,26438.54
Minerales no clasificados previamente,Femenino,352,14496.2
Minerales no clasificados previamente,Masculino,3741,14441.36
Minerales no clasificados previamente,Desconocido,25,12225.82
No metaliferos,Femenino,200,15632.35
No metaliferos,Masculino,1991,14358.91
No metaliferos,Desconocido,10,12674.82
Rocas de aplicacion,Femenino,323,11495.03
Rocas de aplicacion,Masculino,4319,15750.06
Rocas de aplicacion,Desconocido,27,14594.49
Servicios mineros y actividades relacionadas,Femenino,220,15484.89
Servicios mineros y actividades relacionadas,Masculino,5328,16757.17
Servicios mineros y actividades relacionadas,Desconocido,42,12360.49
Combustibles-Produccion,Femenino,162,57951.44
Combustibles-Produccion,Masculino,2702,64804.65
Combustibles-Produccion,Desconocido,23,58663.72
Litio-exploracion y financiacion,Femenino,19,23316.88
Litio-exploracion y financiacion,Masculino,142,22315.83
Litio-exploracion y financiacion,Desconocido,1,27260.0
Litio-Produccion,Femenino,79,20506.11
Litio-Produccion,Masculino,460,23398.74
Litio-Produccion,Desconocido,3,22813.98
Metaliferos-exploracion y financiacion,Femenino,6,19079.59
Metaliferos-exploracion y financiacion,Masculino,32,24136.45
Metaliferos-Produccion,Femenino,904,26490.86
Metaliferos-Produccion,Masculino,11120,29956.12
Metaliferos-Produccion,Desconocido,71,26198.38
Minerales no clasificados previamente,Femenino,354,15582.06
Minerales no clasificados previamente,Masculino,3799,13213.35
Minerales no clasificados previamente,Desconocido,26,9906.26
No metaliferos,Femenino,204,13621.69
No metaliferos,Masculino,1989,12904.74
No metaliferos,Desconocido,11,11001.33
Rocas de aplicacion,Femenino,339,10013.09
Rocas de aplicacion,Masculino,4416,13522.68
Rocas de aplicacion,Desconocido,30,13117.54
Servicios mineros y actividades relacionadas,Femenino,206,15589.03
Servicios mineros y actividades relacionadas,Masculino,5211,15514.9
Servicios mineros y actividades relacionadas,Desconocido,42,12115.24
Combustibles-Produccion,Femenino,164,42263.87
Combustibles-Produccion,Masculino,2702,54137.16
Combustibles-Produccion,Desconocido,23,54722.71
Litio-exploracion y financiacion,Femenino,19,29361.59
Litio-exploracion y financiacion,Masculino,118,30485.51
Litio-exploracion y financiacion,Desconocido,1,27158.07
Litio-Produccion,Femenino,78,24118.44
Litio-Produccion,Masculino,457,27914.58
Litio-Produccion,Desconocido,2,29556.4
Metaliferos-exploracion y financiacion,Femenino,7,21801.62
Metaliferos-exploracion y financiacion,Masculino,30,29431.82
Metaliferos-Produccion,Femenino,885,28708.53
Metaliferos-Produccion,Masculino,11044,33362.55
Metaliferos-Produccion,Desconocido,70,28297.66
Minerales no clasificados previamente,Femenino,360,16898.79
Minerales no clasificados previamente,Masculino,3793,16269.7
Minerales no clasificados previamente,Desconocido,30,14319.81
No metaliferos,Femenino,217,17497.79
No metaliferos,Masculino,1989,16875.53
No metaliferos,Desconocido,12,13535.71
Rocas de aplicacion,Femenino,351,12563.47
Rocas de aplicacion,Masculino,4449,17855.29
Rocas de aplicacion,Desconocido,28,18191.82
Servicios mineros y actividades relacionadas,Femenino,199,18482.86
Servicios mineros y actividades relacionadas,Masculino,5223,18980.29
Servicios mineros y actividades relacionadas,Desconocido,44,14768.54
Combustibles-Produccion,Femenino,178,43146.04
Combustibles-Produccion,Masculino,2713,54828.57
Combustibles-Produccion,Desconocido,24,52155.99
Litio-exploracion y financiacion,Femenino,19,27476.84
Litio-exploracion y financiacion,Masculino,115,30573.32
Litio-exploracion y financiacion,Desconocido,2,22880.0
Litio-Produccion,Femenino,77,24719.49
Litio-Produccion,Masculino,468,27766.95
Litio-Produccion,Desconocido,1,37006.2
Metaliferos-exploracion y financiacion,Femenino,7,18590.4
Metaliferos-exploracion y financiacion,Masculino,30,26254.83
Metaliferos-Produccion,Femenino,872,29291.69
Metaliferos-Produccion,Masculino,10860,33067.11
Metaliferos-Produccion,Desconocido,71,27843.6
Minerales no clasificados previamente,Femenino,361,14833.54
Minerales no clasificados previamente,Masculino,3832,14781.41
Minerales no clasificados previamente,Desconocido,28,12941.57
No metaliferos,Femenino,209,16483.31
No metaliferos,Masculino,1990,15979.34
No metaliferos,Desconocido,11,12376.76
Rocas de aplicacion,Femenino,336,12099.42
Rocas de aplicacion,Masculino,4412,17092.55
Rocas de aplicacion,Desconocido,27,17723.12
Servicios mineros y actividades relacionadas,Femenino,203,17005.48
Servicios mineros y actividades relacionadas,Masculino,5115,18153.37
Servicios mineros y actividades relacionadas,Desconocido,37,14043.4
Combustibles-Produccion,Femenino,196,51971.91
Combustibles-Produccion,Masculino,2738,67613.11
Combustibles-Produccion,Desconocido,25,80315.23
Litio-exploracion y financiacion,Femenino,20,32041.48
Litio-exploracion y financiacion,Masculino,113,37546.51
Litio-exploracion y financiacion,Desconocido,2,27117.38
Litio-Produccion,Femenino,76,28386.13
Litio-Produccion,Masculino,457,31541.54
Litio-Produccion,Desconocido,1,33366.67
Metaliferos-exploracion y financiacion,Femenino,6,26703.29
Metaliferos-exploracion y financiacion,Masculino,26,36279.54
Metaliferos-Produccion,Femenino,839,35722.92
Metaliferos-Produccion,Masculino,10537,42094.27
Metaliferos-Produccion,Desconocido,67,37552.97
Minerales no clasificados previamente,Femenino,371,17855.15
Minerales no clasificados previamente,Masculino,3830,18384.42
Minerales no clasificados previamente,Desconocido,27,16658.78
No metaliferos,Femenino,208,20134.22
No metaliferos,Masculino,1975,19881.35
No metaliferos,Desconocido,11,16027.8
Rocas de aplicacion,Femenino,328,14338.2
Rocas de aplicacion,Masculino,4426,21070.51
Rocas de aplicacion,Desconocido,27,21286.88
Servicios mineros y actividades relacionadas,Femenino,211,21481.31
Servicios mineros y actividades relacionadas,Masculino,5124,23678.11
Servicios mineros y actividades relacionadas,Desconocido,40,17489.55
Combustibles-Produccion,Femenino,212,46191.81
Combustibles-Produccion,Masculino,2750,57608.43
Combustibles-Produccion,Desconocido,25,49551.55
Litio-exploracion y financiacion,Femenino,18,34809.88
Litio-exploracion y financiacion,Masculino,105,38395.01
Litio-exploracion y financiacion,Desconocido,2,27505.95
Litio-Produccion,Femenino,81,36537.58
Litio-Produccion,Masculino,472,41335.47
Litio-Produccion,Desconocido,1,38610.0
Metaliferos-exploracion y financiacion,Femenino,5,37070.42
Metaliferos-exploracion y financiacion,Masculino,26,46113.61
Metaliferos-Produccion,Femenino,812,39266.69
Metaliferos-Produccion,Masculino,10204,46551.84
Metaliferos-Produccion,Desconocido,65,37869.09
Minerales no clasificados previamente,Femenino,377,18101.19
Minerales no clasificados previamente,Masculino,3810,17555.35
Minerales no clasificados previamente,Desconocido,26,14609.14
No metaliferos,Femenino,231,17417.35
No metaliferos,Masculino,2092,17363.22
No metaliferos,Desconocido,11,15980.72
Rocas de aplicacion,Femenino,335,13098.06
Rocas de aplicacion,Masculino,4508,18098.85
Rocas de aplicacion,Desconocido,26,17999.72
Servicios mineros y actividades relacionadas,Femenino,207,26812.36
Servicios mineros y actividades relacionadas,Masculino,5112,24714.31
Servicios mineros y actividades relacionadas,Desconocido,41,16366.55
Combustibles-Produccion,Femenino,212,55139.6
Combustibles-Produccion,Masculino,2757,61901.29
Combustibles-Produccion,Desconocido,26,56155.13
Litio-exploracion y financiacion,Femenino,18,42993.73
Litio-exploracion y financiacion,Masculino,103,46897.42
Litio-exploracion y financiacion,Desconocido,2,33291.2
Litio-Produccion,Femenino,86,37776.33
Litio-Produccion,Masculino,502,43884.59
Litio-Produccion,Desconocido,1,46846.8
Metaliferos-exploracion y financiacion,Femenino,5,32050.6
Metaliferos-exploracion y financiacion,Masculino,24,52438.68
Metaliferos-Produccion,Femenino,758,43219.75
Metaliferos-Produccion,Masculino,10030,51480.4
Metaliferos-Produccion,Desconocido,63,42742.98
Minerales no clasificados previamente,Femenino,372,22990.1
Minerales no clasificados previamente,Masculino,3817,23191.87
Minerales no clasificados previamente,Desconocido,27,20092.47
No metaliferos,Femenino,218,23830.22
No metaliferos,Masculino,1997,22919.05
No metaliferos,Desconocido,11,14507.54
Rocas de aplicacion,Femenino,326,17093.85
Rocas de aplicacion,Masculino,4454,23450.79
Rocas de aplicacion,Desconocido,25,23674.33
Servicios mineros y actividades relacionadas,Femenino,201,24946.59
Servicios mineros y actividades relacionadas,Masculino,5056,26649.72
Servicios mineros y actividades relacionadas,Desconocido,40,20587.08
Combustibles-Produccion,Femenino,210,51829.81
Combustibles-Produccion,Masculino,2735,63707.39
Combustibles-Produccion,Desconocido,26,56437.72
Litio-exploracion y financiacion,Femenino,18,47580.07
Litio-exploracion y financiacion,Masculino,106,41548.04
Litio-exploracion y financiacion,Desconocido,2,28887.87
Litio-Produccion,Femenino,96,39095.06
Litio-Produccion,Masculino,519,46166.55
Litio-Produccion,Desconocido,1,65766.0
Metaliferos-exploracion y financiacion,Femenino,9,33192.9
Metaliferos-exploracion y financiacion,Masculino,35,62135.31
Metaliferos-Produccion,Femenino,743,40468.21
Metaliferos-Produccion,Masculino,9980,47314.11
Metaliferos-Produccion,Desconocido,64,39715.68
Minerales no clasificados previamente,Femenino,358,19462.77
Minerales no clasificados previamente,Masculino,3760,20659.56
Minerales no clasificados previamente,Desconocido,28,16904.59
No metaliferos,Femenino,215,21514.23
No metaliferos,Masculino,1991,21788.34
No metaliferos,Desconocido,12,13772.39
Rocas de aplicacion,Femenino,325,16396.09
Rocas de aplicacion,Masculino,4452,22731.78
Rocas de aplicacion,Desconocido,25,22427.74
Servicios mineros y actividades relacionadas,Femenino,207,24305.33
Servicios mineros y actividades relacionadas,Masculino,5021,25426.86
Servicios mineros y actividades relacionadas,Desconocido,39,19439.73
Combustibles-Produccion,Femenino,209,65439.81
Combustibles-Produccion,Masculino,2718,83980.87
Combustibles-Produccion,Desconocido,26,80083.5
Litio-exploracion y financiacion,Femenino,19,47588.54
Litio-exploracion y financiacion,Masculino,115,50716.57
Litio-exploracion y financiacion,Desconocido,2,36615.12
Litio-Produccion,Femenino,105,40963.87
Litio-Produccion,Masculino,559,47792.39
Litio-Produccion,Desconocido,1,51980.23
Metaliferos-exploracion y financiacion,Femenino,22,43725.77
Metaliferos-exploracion y financiacion,Masculino,81,52048.04
Metaliferos-Produccion,Femenino,735,52008.2
Metaliferos-Produccion,Masculino,10101,58697.79
Metaliferos-Produccion,Desconocido,64,50749.9
Minerales no clasificados previamente,Femenino,369,23721.85
Minerales no clasificados previamente,Masculino,3782,26290.0
Minerales no clasificados previamente,Desconocido,30,21618.21
No metaliferos,Femenino,213,28668.3
No metaliferos,Masculino,2018,27494.36
No metaliferos,Desconocido,13,18609.45
Rocas de aplicacion,Femenino,330,20579.42
Rocas de aplicacion,Masculino,4496,28286.21
Rocas de aplicacion,Desconocido,26,29856.33
Servicios mineros y actividades relacionadas,Femenino,208,29933.24
Servicios mineros y actividades relacionadas,Masculino,5014,32094.57
Servicios mineros y actividades relacionadas,Desconocido,37,26237.46
Combustibles-Produccion,Femenino,204,64028.28
Combustibles-Produccion,Masculino,2594,76638.51
Combustibles-Produccion,Desconocido,26,66043.43
Litio-exploracion y financiacion,Femenino,20,38852.14
Litio-exploracion y financiacion,Masculino,124,45238.96
Litio-exploracion y financiacion,Desconocido,3,114668.92
Litio-Produccion,Femenino,116,45171.93
Litio-Produccion,Masculino,595,52104.26
Litio-Produccion,Desconocido,2,42583.08
Metaliferos-exploracion y financiacion,Femenino,28,36885.84
Metaliferos-exploracion y financiacion,Masculino,134,50602.78
Metaliferos-exploracion y financiacion,Desconocido,3,16339.97
Metaliferos-Produccion,Femenino,717,59764.36
Metaliferos-Produccion,Masculino,9982,73088.21
Metaliferos-Produccion,Desconocido,65,59245.14
Minerales no clasificados previamente,Femenino,369,24684.46
Minerales no clasificados previamente,Masculino,3767,25949.48
Minerales no clasificados previamente,Desconocido,27,18940.51
No metaliferos,Femenino,225,25075.77
No metaliferos,Masculino,2137,23964.05
No metaliferos,Desconocido,15,18240.84
Rocas de aplicacion,Femenino,331,19178.05
Rocas de aplicacion,Masculino,4600,25077.33
Rocas de aplicacion,Desconocido,23,25256.5
Servicios mineros y actividades relacionadas,Femenino,211,36322.56
Servicios mineros y actividades relacionadas,Masculino,4966,34227.9
Servicios mineros y actividades relacionadas,Desconocido,37,24742.17
Combustibles-Produccion,Femenino,199,69979.91
Combustibles-Produccion,Masculino,2492,81609.79
Combustibles-Produccion,Desconocido,25,73150.21
Litio-exploracion y financiacion,Femenino,22,52617.75
Litio-exploracion y financiacion,Masculino,145,50382.5
Litio-exploracion y financiacion,Desconocido,3,146653.84
Litio-Produccion,Femenino,120,46262.77
Litio-Produccion,Masculino,647,53305.1
Litio-Produccion,Desconocido,2,44291.17
Metaliferos-exploracion y financiacion,Femenino,35,35690.52
Metaliferos-exploracion y financiacion,Masculino,161,47247.02
Metaliferos-exploracion y financiacion,Desconocido,3,19040.92
Metaliferos-Produccion,Femenino,693,57218.97
Metaliferos-Produccion,Masculino,9782,65976.65
Metaliferos-Produccion,Desconocido,64,57386.38
Minerales no clasificados previamente,Femenino,354,27416.54
Minerales no clasificados previamente,Masculino,3678,30892.13
Minerales no clasificados previamente,Desconocido,26,24175.4
No metaliferos,Femenino,220,32441.72
No metaliferos,Masculino,2097,30378.69
No metaliferos,Desconocido,11,22356.32
Rocas de aplicacion,Femenino,329,22985.25
Rocas de aplicacion,Masculino,4603,31366.31
Rocas de aplicacion,Desconocido,22,31921.75
Servicios mineros y actividades relacionadas,Femenino,210,32700.21
Servicios mineros y actividades relacionadas,Masculino,4919,35975.13
Servicios mineros y actividades relacionadas,Desconocido,38,32235.11
Combustibles-Produccion,Femenino,195,57421.24
Combustibles-Produccion,Masculino,2447,72194.45
Combustibles-Produccion,Desconocido,25,66267.85
Litio-exploracion y financiacion,Femenino,25,30972.52
Litio-exploracion y financiacion,Masculino,155,44665.01
Litio-exploracion y financiacion,Desconocido,3,131665.84
Litio-Produccion,Femenino,126,48843.45
Litio-Produccion,Masculino,691,57098.16
Litio-Produccion,Desconocido,3,68855.64
Metaliferos-exploracion y financiacion,Femenino,38,32856.13
Metaliferos-exploracion y financiacion,Masculino,159,45796.63
Metaliferos-exploracion y financiacion,Desconocido,3,23635.79
Metaliferos-Produccion,Femenino,709,51518.27
Metaliferos-Produccion,Masculino,9810,57876.6
Metaliferos-Produccion,Desconocido,63,50294.77
Minerales no clasificados previamente,Femenino,353,26371.96
Minerales no clasificados previamente,Masculino,3691,28534.78
Minerales no clasificados previamente,Desconocido,23,23236.62
No metaliferos,Femenino,222,29133.29
No metaliferos,Masculino,2066,28072.18
No metaliferos,Desconocido,12,19609.46
Rocas de aplicacion,Femenino,332,21677.24
Rocas de aplicacion,Masculino,4629,30899.23
Rocas de aplicacion,Desconocido,23,30194.77
Servicios mineros y actividades relacionadas,Femenino,206,31197.99
Servicios mineros y actividades relacionadas,Masculino,4804,33605.83
Servicios mineros y actividades relacionadas,Desconocido,38,26449.64
Combustibles-Produccion,Femenino,191,67006.78
Combustibles-Produccion,Masculino,2382,86688.04
Combustibles-Produccion,Desconocido,25,79487.66
Litio-exploracion y financiacion,Femenino,28,35534.89
Litio-exploracion y financiacion,Masculino,159,53622.46
Litio-exploracion y financiacion,Desconocido,3,156773.09
Litio-Produccion,Femenino,148,48267.68
Litio-Produccion,Masculino,769,58540.91
Litio-Produccion,Desconocido,4,73340.9
Metaliferos-exploracion y financiacion,Femenino,38,39313.9
Metaliferos-exploracion y financiacion,Masculino,187,55655.75
Metaliferos-exploracion y financiacion,Desconocido,4,27637.52
Metaliferos-Produccion,Femenino,712,67125.45
Metaliferos-Produccion,Masculino,9777,78234.94
Metaliferos-Produccion,Desconocido,61,70540.86
Minerales no clasificados previamente,Femenino,373,34192.81
Minerales no clasificados previamente,Masculino,3807,36139.33
Minerales no clasificados previamente,Desconocido,24,28320.36
No metaliferos,Femenino,238,34227.52
No metaliferos,Masculino,2118,34403.82
No metaliferos,Desconocido,14,24000.44
Rocas de aplicacion,Femenino,338,25893.05
Rocas de aplicacion,Masculino,4773,37666.77
Rocas de aplicacion,Desconocido,27,39037.1
Servicios mineros y actividades relacionadas,Femenino,205,39857.73
Servicios mineros y actividades relacionadas,Masculino,4819,42579.17
Servicios mineros y actividades relacionadas,Desconocido,37,33037.58
Combustibles-Produccion,Femenino,181,66733.94
Combustibles-Produccion,Masculino,2222,82758.66
Combustibles-Produccion,Desconocido,23,79041.4
Litio-exploracion y financiacion,Femenino,26,36063.61
Litio-exploracion y financiacion,Masculino,155,52797.32
Litio-exploracion y financiacion,Desconocido,3,174840.78
Litio-Produccion,Femenino,169,49058.18
Litio-Produccion,Masculino,810,60182.44
Litio-Produccion,Desconocido,5,66515.69
Metaliferos-exploracion y financiacion,Femenino,44,40040.81
Metaliferos-exploracion y financiacion,Masculino,218,59600.06
Metaliferos-exploracion y financiacion,Desconocido,3,24225.72
Metaliferos-Produccion,Femenino,722,80345.45
Metaliferos-Produccion,Masculino,9737,94655.73
Metaliferos-Produccion,Desconocido,61,81983.89
Minerales no clasificados previamente,Femenino,400,34341.94
Minerales no clasificados previamente,Masculino,4016,34028.54
Minerales no clasificados previamente,Desconocido,26,25543.16
No metaliferos,Femenino,260,30993.68
No metaliferos,Masculino,2209,30720.39
No metaliferos,Desconocido,15,22546.59
Rocas de aplicacion,Femenino,359,23604.03
Rocas de aplicacion,Masculino,4925,33054.69
Rocas de aplicacion,Desconocido,30,30382.91
Servicios mineros y actividades relacionadas,Femenino,206,46911.73
Servicios mineros y actividades relacionadas,Masculino,4772,44293.08
Servicios mineros y actividades relacionadas,Desconocido,38,32757.13
Combustibles-Produccion,Femenino,152,67097.69
Combustibles-Produccion,Masculino,1928,81613.32
Combustibles-Produccion,Desconocido,20,80989.27
Litio-exploracion y financiacion,Femenino,26,43261.17
Litio-exploracion y financiacion,Masculino,159,65152.6
Litio-exploracion y financiacion,Desconocido,3,244200.73
Litio-Produccion,Femenino,168,55765.67
Litio-Produccion,Masculino,799,70133.27
Litio-Produccion,Desconocido,5,92162.39
Metaliferos-exploracion y financiacion,Femenino,47,46670.52
Metaliferos-exploracion y financiacion,Masculino,233,77707.41
Metaliferos-exploracion y financiacion,Desconocido,3,26925.63
Metaliferos-Produccion,Femenino,719,71612.97
Metaliferos-Produccion,Masculino,9525,82391.46
Metaliferos-Produccion,Desconocido,60,72592.72
Minerales no clasificados previamente,Femenino,428,40822.42
Minerales no clasificados previamente,Masculino,4239,43014.68
Minerales no clasificados previamente,Desconocido,25,34699.14
No metaliferos,Femenino,258,39063.17
No metaliferos,Masculino,2278,37012.47
No metaliferos,Desconocido,15,26296.64
Rocas de aplicacion,Femenino,358,29310.69
Rocas de aplicacion,Masculino,4924,39857.29
Rocas de aplicacion,Desconocido,32,35435.62
Servicios mineros y actividades relacionadas,Femenino,215,42266.7
Servicios mineros y actividades relacionadas,Masculino,4818,46159.41
Servicios mineros y actividades relacionadas,Desconocido,40,38293.05
Combustibles-Produccion,Femenino,156,61466.99
Combustibles-Produccion,Masculino,1970,73222.12
Combustibles-Produccion,Desconocido,20,70678.49
Litio-exploracion y financiacion,Femenino,30,46842.1
Litio-exploracion y financiacion,Masculino,164,63251.43
Litio-exploracion y financiacion,Desconocido,3,268897.89
Litio-Produccion,Femenino,178,59568.38
Litio-Produccion,Masculino,819,76163.33
Litio-Produccion,Desconocido,5,99645.15
Metaliferos-exploracion y financiacion,Femenino,49,43322.2
Metaliferos-exploracion y financiacion,Masculino,252,72412.3
Metaliferos-exploracion y financiacion,Desconocido,3,22106.33
Metaliferos-Produccion,Femenino,709,64583.9
Metaliferos-Produccion,Masculino,9208,74336.82
Metaliferos-Produccion,Desconocido,59,61800.69
Minerales no clasificados previamente,Femenino,418,34416.79
Minerales no clasificados previamente,Masculino,4260,38021.49
Minerales no clasificados previamente,Desconocido,26,35158.53
No metaliferos,Femenino,264,36146.94
No metaliferos,Masculino,2223,34482.42
No metaliferos,Desconocido,16,23501.22
Rocas de aplicacion,Femenino,359,27014.28
Rocas de aplicacion,Masculino,4906,36403.05
Rocas de aplicacion,Desconocido,29,36576.57
Servicios mineros y actividades relacionadas,Femenino,219,40079.45
Servicios mineros y actividades relacionadas,Masculino,4818,42593.0
Servicios mineros y actividades relacionadas,Desconocido,43,32488.71
Combustibles-Produccion,Femenino,156,73904.25
Combustibles-Produccion,Masculino,1964,87790.96
Combustibles-Produccion,Desconocido,19,84321.27
Litio-exploracion y financiacion,Femenino,38,92608.68
Litio-exploracion y financiacion,Masculino,175,89355.05
Litio-exploracion y financiacion,Desconocido,3,250331.73
Litio-Produccion,Femenino,198,68916.32
Litio-Produccion,Masculino,871,86634.05
Litio-Produccion,Desconocido,6,102698.11
Metaliferos-exploracion y financiacion,Femenino,57,52324.08
Metaliferos-exploracion y financiacion,Masculino,332,79865.54
Metaliferos-exploracion y financiacion,Desconocido,3,28981.1
Metaliferos-Produccion,Femenino,727,84272.23
Metaliferos-Produccion,Masculino,9029,98163.18
Metaliferos-Produccion,Desconocido,60,82962.62
Minerales no clasificados previamente,Femenino,398,45474.39
Minerales no clasificados previamente,Masculino,4167,48681.68
Minerales no clasificados previamente,Desconocido,25,46979.16
No metaliferos,Femenino,267,47040.26
No metaliferos,Masculino,2203,46401.26
No metaliferos,Desconocido,16,32721.35
Rocas de aplicacion,Femenino,361,34246.98
Rocas de aplicacion,Masculino,4941,46602.85
Rocas de aplicacion,Desconocido,25,47189.53
Servicios mineros y actividades relacionadas,Femenino,226,49074.05
Servicios mineros y actividades relacionadas,Masculino,4908,55082.09
Servicios mineros y actividades relacionadas,Desconocido,46,41404.89
Combustibles-Produccion,Femenino,154,68888.55
Combustibles-Produccion,Masculino,1953,77558.85
Combustibles-Produccion,Desconocido,19,74879.5
Litio-exploracion y financiacion,Femenino,43,89011.49
Litio-exploracion y financiacion,Masculino,206,100711.49
Litio-exploracion y financiacion,Desconocido,3,330493.05
Litio-Produccion,Femenino,211,76079.77
Litio-Produccion,Masculino,929,95757.52
Litio-Produccion,Desconocido,6,106529.42
Metaliferos-exploracion y financiacion,Femenino,69,56160.24
Metaliferos-exploracion y financiacion,Masculino,452,79785.84
Metaliferos-exploracion y financiacion,Desconocido,5,32625.95
Metaliferos-Produccion,Femenino,723,123827.65
Metaliferos-Produccion,Masculino,8991,143374.28
Metaliferos-Produccion,Desconocido,60,113405.6
Minerales no clasificados previamente,Femenino,402,53595.23
Minerales no clasificados previamente,Masculino,4166,55394.06
Minerales no clasificados previamente,Desconocido,25,52676.99
No metaliferos,Femenino,303,40906.27
No metaliferos,Masculino,2380,41189.4
No metaliferos,Desconocido,17,31492.21
Rocas de aplicacion,Femenino,361,32582.36
Rocas de aplicacion,Masculino,4921,42592.84
Rocas de aplicacion,Desconocido,26,42764.85
Servicios mineros y actividades relacionadas,Femenino,216,48165.62
Servicios mineros y actividades relacionadas,Masculino,4784,53143.39
Servicios mineros y actividades relacionadas,Desconocido,45,40255.08
Combustibles-Produccion,Femenino,155,76233.03
Combustibles-Produccion,Masculino,1948,93585.2
Combustibles-Produccion,Desconocido,19,90425.3
Litio-exploracion y financiacion,Femenino,49,123771.38
Litio-exploracion y financiacion,Masculino,216,169053.78
Litio-exploracion y financiacion,Desconocido,4,369986.62
Litio-Produccion,Femenino,217,80353.65
Litio-Produccion,Masculino,1001,98418.13
Litio-Produccion,Desconocido,9,84376.4
Metaliferos-exploracion y financiacion,Femenino,77,68300.42
Metaliferos-exploracion y financiacion,Masculino,547,105115.85
Metaliferos-exploracion y financiacion,Desconocido,4,61349.79
Metaliferos-Produccion,Femenino,726,119758.75
Metaliferos-Produccion,Masculino,8916,132978.44
Metaliferos-Produccion,Desconocido,59,104675.62
Minerales no clasificados previamente,Femenino,402,57410.42
Minerales no clasificados previamente,Masculino,4222,59765.42
Minerales no clasificados previamente,Desconocido,26,62779.41
No metaliferos,Femenino,289,54618.23
No metaliferos,Masculino,2260,55196.24
No metaliferos,Desconocido,16,39650.72
Rocas de aplicacion,Femenino,356,40900.18
Rocas de aplicacion,Masculino,4835,54707.6
Rocas de aplicacion,Desconocido,23,59599.4
Servicios mineros y actividades relacionadas,Femenino,217,68692.82
Servicios mineros y actividades relacionadas,Masculino,4684,71748.74
Servicios mineros y actividades relacionadas,Desconocido,46,50642.1
Combustibles-Produccion,Femenino,156,69281.21
Combustibles-Produccion,Masculino,1948,85404.46
Combustibles-Produccion,Desconocido,19,83027.91
Litio-exploracion y financiacion,Femenino,49,126637.78
Litio-exploracion y financiacion,Masculino,166,221606.88
Litio-exploracion y financiacion,Desconocido,4,346695.66
Litio-Produccion,Femenino,231,99455.4
Litio-Produccion,Masculino,1031,126768.42
Litio-Produccion,Desconocido,10,89772.99
Metaliferos-exploracion y financiacion,Femenino,84,67250.06
Metaliferos-exploracion y financiacion,Masculino,584,91887.39
Metaliferos-exploracion y financiacion,Desconocido,5,57090.77
Metaliferos-Produccion,Femenino,732,101083.39
Metaliferos-Produccion,Masculino,8927,118574.61
Metaliferos-Produccion,Desconocido,58,97487.39
Minerales no clasificados previamente,Femenino,409,54872.23
Minerales no clasificados previamente,Masculino,4284,55122.8
Minerales no clasificados previamente,Desconocido,26,59097.4
No metaliferos,Femenino,275,55113.52
No metaliferos,Masculino,2150,55890.82
No metaliferos,Desconocido,14,38832.22
Rocas de aplicacion,Femenino,356,40582.12
Rocas de aplicacion,Masculino,4814,54289.05
Rocas de aplicacion,Desconocido,22,60708.12
Servicios mineros y actividades relacionadas,Femenino,216,54835.08
Servicios mineros y actividades relacionadas,Masculino,4638,60292.56
Servicios mineros y actividades relacionadas,Desconocido,41,48599.17
Combustibles-Produccion,Femenino,292,60679.44
Combustibles-Produccion,Masculino,2248,95478.98
Combustibles-Produccion,Desconocido,20,100876.77
Litio-exploracion y financiacion,Femenino,67,145812.86
Litio-exploracion y financiacion,Masculino,209,229462.41
Litio-exploracion y financiacion,Desconocido,4,489774.11
Litio-Produccion,Femenino,237,110552.63
Litio-Produccion,Masculino,1048,138541.8
Litio-Produccion,Desconocido,11,115312.97
Metaliferos-exploracion y financiacion,Femenino,93,79282.55
Metaliferos-exploracion y financiacion,Masculino,633,112802.43
Metaliferos-exploracion y financiacion,Desconocido,5,66854.28
Metaliferos-Produccion,Femenino,744,135294.82
Metaliferos-Produccion,Masculino,9000,164894.91
Metaliferos-Produccion,Desconocido,62,130387.32
Minerales no clasificados previamente,Femenino,411,73479.76
Minerales no clasificados previamente,Masculino,4270,74448.93
Minerales no clasificados previamente,Desconocido,25,78710.15
No metaliferos,Femenino,280,68949.35
No metaliferos,Masculino,2175,69974.11
No metaliferos,Desconocido,14,51824.8
Rocas de aplicacion,Femenino,354,49733.03
Rocas de aplicacion,Masculino,4705,67023.63
Rocas de aplicacion,Desconocido,21,81976.41
Servicios mineros y actividades relacionadas,Femenino,218,70990.89
Servicios mineros y actividades relacionadas,Masculino,4605,78627.27
Servicios mineros y actividades relacionadas,Desconocido,39,64529.86
Combustibles-Produccion,Femenino,276,66028.44
Combustibles-Produccion,Masculino,2209,86263.26
Combustibles-Produccion,Desconocido,20,85397.39
Litio-exploracion y financiacion,Femenino,82,150104.99
Litio-exploracion y financiacion,Masculino,246,221107.06
Litio-exploracion y financiacion,Desconocido,4,463789.53
Litio-Produccion,Femenino,244,119459.86
Litio-Produccion,Masculino,1088,139895.01
Litio-Produccion,Desconocido,11,133802.51
Metaliferos-exploracion y financiacion,Femenino,100,83065.59
Metaliferos-exploracion y financiacion,Masculino,644,100420.31
Metaliferos-exploracion y financiacion,Desconocido,5,66306.96
Metaliferos-Produccion,Femenino,765,191335.08
Metaliferos-Produccion,Masculino,9003,240850.54
Metaliferos-Produccion,Desconocido,64,187978.05
Minerales no clasificados previamente,Femenino,413,92015.36
Minerales no clasificados previamente,Masculino,4239,86324.54
Minerales no clasificados previamente,Desconocido,27,89246.3
No metaliferos,Femenino,286,66549.38
No metaliferos,Masculino,2124,66877.02
No metaliferos,Desconocido,13,53540.94
Rocas de aplicacion,Femenino,354,46606.07
Rocas de aplicacion,Masculino,4631,59116.86
Rocas de aplicacion,Desconocido,23,65761.86
Servicios mineros y actividades relacionadas,Femenino,217,90415.13
Servicios mineros y actividades relacionadas,Masculino,4525,85706.65
Servicios mineros y actividades relacionadas,Desconocido,39,66115.91
Combustibles-Produccion,Femenino,168,95841.59
Combustibles-Produccion,Masculino,1955,106892.7
Combustibles-Produccion,Desconocido,19,104549.81
Litio-exploracion y financiacion,Femenino,78,171531.57
Litio-exploracion y financiacion,Masculino,247,254527.6
Litio-exploracion y financiacion,Desconocido,4,621081.18
Litio-Produccion,Femenino,240,137488.13
Litio-Produccion,Masculino,1092,155836.08
Litio-Produccion,Desconocido,11,154420.53
Metaliferos-exploracion y financiacion,Femenino,70,94171.19
Metaliferos-exploracion y financiacion,Masculino,447,136425.91
Metaliferos-exploracion y financiacion,Desconocido,2,55134.42
Metaliferos-Produccion,Femenino,759,153272.92
Metaliferos-Produccion,Masculino,8958,182158.78
Metaliferos-Produccion,Desconocido,63,149198.96
Minerales no clasificados previamente,Femenino,367,89328.0
Minerales no clasificados previamente,Masculino,3753,90083.64
Minerales no clasificados previamente,Desconocido,22,80831.51
No metaliferos,Femenino,279,82741.93
No metaliferos,Masculino,2044,77886.45
No metaliferos,Desconocido,13,55062.72
Rocas de aplicacion,Femenino,330,51152.96
Rocas de aplicacion,Masculino,4362,61843.55
Rocas de aplicacion,Desconocido,21,65476.51
Servicios mineros y actividades relacionadas,Femenino,203,73348.4
Servicios mineros y actividades relacionadas,Masculino,4328,76699.72
Servicios mineros y actividades relacionadas,Desconocido,38,62011.19
Combustibles-Produccion,Femenino,171,80485.16
Combustibles-Produccion,Masculino,1952,90771.22
Combustibles-Produccion,Desconocido,19,86181.78
Litio-exploracion y financiacion,Femenino,75,193494.84
Litio-exploracion y financiacion,Masculino,245,291708.67
Litio-exploracion y financiacion,Desconocido,4,579534.4
Litio-Produccion,Femenino,235,141988.04
Litio-Produccion,Masculino,1086,159863.37
Litio-Produccion,Desconocido,10,155927.76
Metaliferos-exploracion y financiacion,Femenino,69,90313.91
Metaliferos-exploracion y financiacion,Masculino,446,126146.46
Metaliferos-exploracion y financiacion,Desconocido,2,72001.69
Metaliferos-Produccion,Femenino,765,161144.52
Metaliferos-Produccion,Masculino,9002,191265.58
Metaliferos-Produccion,Desconocido,60,161019.99
Minerales no clasificados previamente,Femenino,368,89687.57
Minerales no clasificados previamente,Masculino,3846,94682.15
Minerales no clasificados previamente,Desconocido,22,86930.92
No metaliferos,Femenino,270,77663.38
No metaliferos,Masculino,2038,74221.98
No metaliferos,Desconocido,14,51549.31
Rocas de aplicacion,Femenino,326,49468.64
Rocas de aplicacion,Masculino,4354,62505.54
Rocas de aplicacion,Desconocido,22,75414.68
Servicios mineros y actividades relacionadas,Femenino,200,83874.27
Servicios mineros y actividades relacionadas,Masculino,4261,80963.9
Servicios mineros y actividades relacionadas,Desconocido,37,64911.5
Combustibles-Produccion,Femenino,175,113250.37
Combustibles-Produccion,Masculino,1954,126237.25
Combustibles-Produccion,Desconocido,19,120980.48
Litio-exploracion y financiacion,Femenino,80,188568.09
Litio-exploracion y financiacion,Masculino,265,297219.83
Litio-exploracion y financiacion,Desconocido,5,727964.69
Litio-Produccion,Femenino,234,143630.06
Litio-Produccion,Masculino,1087,189567.24
Litio-Produccion,Desconocido,10,193840.89
Metaliferos-exploracion y financiacion,Femenino,72,141544.4
Metaliferos-exploracion y financiacion,Masculino,464,196383.91
Metaliferos-exploracion y financiacion,Desconocido,2,117095.65
Metaliferos-Produccion,Femenino,810,184799.79
Metaliferos-Produccion,Masculino,9150,218557.31
Metaliferos-Produccion,Desconocido,64,181176.01
Minerales no clasificados previamente,Femenino,373,108652.28
Minerales no clasificados previamente,Masculino,4019,118172.17
Minerales no clasificados previamente,Desconocido,24,119267.31
No metaliferos,Femenino,278,107240.73
No metaliferos,Masculino,2097,96282.52
No metaliferos,Desconocido,15,74929.97
Rocas de aplicacion,Femenino,328,66573.88
Rocas de aplicacion,Masculino,4422,85844.09
Rocas de aplicacion,Desconocido,23,94705.06
Servicios mineros y actividades relacionadas,Femenino,213,109416.43
Servicios mineros y actividades relacionadas,Masculino,4328,118980.12
Servicios mineros y actividades relacionadas,Desconocido,36,98383.27
Combustibles-Produccion,Femenino,177,105946.42
Combustibles-Produccion,Masculino,1951,114775.14
Combustibles-Produccion,Desconocido,20,103925.67
Litio-exploracion y financiacion,Femenino,85,160918.9
Litio-exploracion y financiacion,Masculino,295,243499.96
Litio-exploracion y financiacion,Desconocido,4,710097.09
Litio-Produccion,Femenino,236,166817.1
Litio-Produccion,Masculino,1113,194131.29
Litio-Produccion,Desconocido,9,230859.16
Metaliferos-exploracion y financiacion,Femenino,82,146416.49
Metaliferos-exploracion y financiacion,Masculino,489,227016.77
Metaliferos-exploracion y financiacion,Desconocido,2,111192.46
Metaliferos-Produccion,Femenino,826,283153.63
Metaliferos-Produccion,Masculino,9106,343169.59
Metaliferos-Produccion,Desconocido,66,261786.67
Minerales no clasificados previamente,Femenino,394,133620.91
Minerales no clasificados previamente,Masculino,4127,138817.01
Minerales no clasificados previamente,Desconocido,25,139606.6
No metaliferos,Femenino,315,95350.54
No metaliferos,Masculino,2230,96690.32
No metaliferos,Desconocido,16,67226.17
Rocas de aplicacion,Femenino,334,64254.98
Rocas de aplicacion,Masculino,4548,85381.63
Rocas de aplicacion,Desconocido,25,95363.19
Servicios mineros y actividades relacionadas,Femenino,223,130398.3
Servicios mineros y actividades relacionadas,Masculino,4409,123070.68
Servicios mineros y actividades relacionadas,Desconocido,36,95247.75
Combustibles-Produccion,Femenino,183,171722.62
Combustibles-Produccion,Masculino,1952,185539.64
Combustibles-Produccion,Desconocido,21,158292.6
Litio-exploracion y financiacion,Femenino,97,212563.76
Litio-exploracion y financiacion,Masculino,320,292582.49
Litio-exploracion y financiacion,Desconocido,5,773164.72
Litio-Produccion,Femenino,257,202812.99
Litio-Produccion,Masculino,1165,240021.97
Litio-Produccion,Desconocido,10,241576.84
Metaliferos-exploracion y financiacion,Femenino,86,185750.8
Metaliferos-exploracion y financiacion,Masculino,500,239751.48
Metaliferos-exploracion y financiacion,Desconocido,2,162304.61
Metaliferos-Produccion,Femenino,839,237105.45
Metaliferos-Produccion,Masculino,9068,284242.19
Metaliferos-Produccion,Desconocido,68,230059.86
Minerales no clasificados previamente,Femenino,413,145859.35
Minerales no clasificados previamente,Masculino,4145,148291.48
Minerales no clasificados previamente,Desconocido,22,155814.72
No metaliferos,Femenino,304,126561.97
No metaliferos,Masculino,2138,117227.27
No metaliferos,Desconocido,17,82527.81
Rocas de aplicacion,Femenino,345,80505.12
Rocas de aplicacion,Masculino,4540,112761.35
Rocas de aplicacion,Desconocido,25,127130.23
Servicios mineros y actividades relacionadas,Femenino,226,126770.91
Servicios mineros y actividades relacionadas,Masculino,4364,132498.38
Servicios mineros y actividades relacionadas,Desconocido,35,114538.03
Combustibles-Produccion,Femenino,188,194708.8
Combustibles-Produccion,Masculino,1942,245320.12
Combustibles-Produccion,Desconocido,22,221171.18
Litio-exploracion y financiacion,Femenino,108,186125.67
Litio-exploracion y financiacion,Masculino,346,286657.91
Litio-exploracion y financiacion,Desconocido,4,747391.35
Litio-Produccion,Femenino,275,223981.36
Litio-Produccion,Masculino,1229,261992.26
Litio-Produccion,Desconocido,11,276020.88
Metaliferos-exploracion y financiacion,Femenino,90,182739.74
Metaliferos-exploracion y financiacion,Masculino,540,203230.64
Metaliferos-exploracion y financiacion,Desconocido,2,154560.95
Metaliferos-Produccion,Femenino,947,220237.19
Metaliferos-Produccion,Masculino,9803,258150.43
Metaliferos-Produccion,Desconocido,75,218262.63
Minerales no clasificados previamente,Femenino,344,123798.04
Minerales no clasificados previamente,Masculino,3450,120810.56
Minerales no clasificados previamente,Desconocido,15,82316.41
No metaliferos,Femenino,286,128405.02
No metaliferos,Masculino,2108,119010.82
No metaliferos,Desconocido,17,78230.98
Rocas de aplicacion,Femenino,349,82346.79
Rocas de aplicacion,Masculino,4602,114878.03
Rocas de aplicacion,Desconocido,30,116855.09
Servicios mineros y actividades relacionadas,Femenino,233,119801.66
Servicios mineros y actividades relacionadas,Masculino,4310,126638.9
Servicios mineros y actividades relacionadas,Desconocido,34,106927.26
Combustibles-Produccion,Femenino,207,197387.0
Combustibles-Produccion,Masculino,1959,229109.0
Combustibles-Produccion,Desconocido,22,211485.48
Litio-exploracion y financiacion,Femenino,116,230242.07
Litio-exploracion y financiacion,Masculino,360,332215.34
Litio-exploracion y financiacion,Desconocido,4,950168.07
Litio-Produccion,Femenino,286,272998.91
Litio-Produccion,Masculino,1280,329635.88
Litio-Produccion,Desconocido,12,378883.62
Metaliferos-exploracion y financiacion,Femenino,103,259401.49
Metaliferos-exploracion y financiacion,Masculino,593,293284.72
Metaliferos-exploracion y financiacion,Desconocido,4,249977.53
Metaliferos-Produccion,Femenino,979,302515.75
Metaliferos-Produccion,Masculino,9795,357150.55
Metaliferos-Produccion,Desconocido,73,301829.26
Minerales no clasificados previamente,Femenino,342,158209.56
Minerales no clasificados previamente,Masculino,3534,164333.05
Minerales no clasificados previamente,Desconocido,16,115117.1
No metaliferos,Femenino,282,170498.84
No metaliferos,Masculino,2068,167371.24
No metaliferos,Desconocido,16,107873.0
Rocas de aplicacion,Femenino,347,105813.82
Rocas de aplicacion,Masculino,4564,150566.03
Rocas de aplicacion,Desconocido,30,161350.52
Servicios mineros y actividades relacionadas,Femenino,265,171994.45
Servicios mineros y actividades relacionadas,Masculino,4352,175967.67
Servicios mineros y actividades relacionadas,Desconocido,37,141407.03
